char,code_hex,code_dec
現,0x3021,12321
在,0x3022,12322
可,0x3023,12323
以,0x3024,12324
使,0x3025,12325
用,0x3026,12326
艾,0x3027,12327
咪,0x3028,12328
了,0x3029,12329
！,0x302A,12330
比,0x302B,12331
谷,0x302C,12332
納,0x302D,12333
克,0x302E,12334
魯,0x302F,12335
斯,0x3030,12336
金,0x3031,12337
屬,0x3032,12338
索,0x3033,12339
尼,0x3034,12340
「,0x3035,12341
試,0x3036,12342
煉,0x3037,12343
模,0x3038,12344
式,0x3039,12345
」,0x303A,12346
中,0x303B,12347
。,0x303C,12348
塔,0x303D,12349
爾,0x303E,12350
真,0x303F,12351
無,0x3040,12352
聊,0x3041,12353
到,0x3042,12354
處,0x3043,12355
看,0x3044,12356
這,0x3045,12357
邊,0x3046,12358
還,0x3047,12359
是,0x3048,12360
一,0x3049,12361
樣,0x304A,12362
的,0x304B,12363
風,0x304C,12364
景,0x304D,12365
追,0x304E,12366
著,0x304F,12367
時,0x3050,12368
候,0x3051,12369
有,0x3052,12370
趣,0x3053,12371
呢,0x3054,12372
每,0x3055,12373
天,0x3056,12374
都,0x3057,12375
很,0x3058,12376
刺,0x3059,12377
激,0x305A,12378
感,0x305B,12379
覺,0x305C,12380
就,0x305D,12381
那,0x305E,12382
種,0x305F,12383
熱,0x3060,12384
血,0x3061,12385
沸,0x3062,12386
騰,0x3063,12387
冒,0x3064,12388
險,0x3065,12389
生,0x3066,12390
活,0x3067,12391
對,0x3068,12392
吧,0x3069,12393
？,0x306A,12394
傢,0x306B,12395
伙,0x306C,12396
居,0x306D,12397
然,0x306E,12398
不,0x306F,12399
知,0x3070,12400
從,0x3071,12401
我,0x3072,12402
眼,0x3073,12403
前,0x3074,12404
消,0x3075,12405
失,0x3076,12406
唉,0x3077,12407
沒,0x3078,12408
什,0x3079,12409
麼,0x307A,12410
讓,0x307B,12411
人,0x307C,12412
心,0x307D,12413
跳,0x307E,12414
加,0x3121,12577
速,0x3122,12578
興,0x3123,12579
奮,0x3124,12580
事,0x3125,12581
哦,0x3126,12582
突,0x3127,12583
變,0x3128,12584
陰,0x3129,12585
太,0x312A,12586
過,0x312B,12587
分,0x312C,12588
氣,0x312D,12589
預,0x312E,12590
報,0x312F,12591
明,0x3130,12592
說,0x3131,12593
會,0x3132,12594
下,0x3133,12595
雨,0x3134,12596
，,0x3135,12597
討,0x3136,12598
厭,0x3137,12599
蛋,0x3138,12600
頭,0x3139,12601
博,0x313A,12602
士,0x313B,12603
糟,0x313C,12604
、,0x313D,12605
糕,0x313E,12606
啊,0x313F,12607
嘛,0x3140,12608
撞,0x3141,12609
來,0x3142,12610
哎,0x3143,12611
呀,0x3144,12612
你,0x3145,12613
受,0x3146,12614
傷,0x3147,12615
嗎,0x3148,12616
哈,0x3149,12617
底,0x314A,12618
機,0x314B,12619
器,0x314C,12620
裡,0x314D,12621
逃,0x314E,12622
出,0x314F,12623
好,0x3150,12624
放,0x3151,12625
只,0x3152,12626
要,0x3153,12627
絕,0x3154,12628
點,0x3155,12629
害,0x3156,12630
～,0x3157,12631
久,0x3158,12632
見,0x3159,12633
態,0x315A,12634
度,0x315B,12635
隻,0x315C,12636
小,0x315D,12637
鳥,0x315E,12638
被,0x315F,12639
捕,0x3160,12640
想,0x3161,12641
請,0x3162,12642
當,0x3163,12643
保,0x3164,12644
鑣,0x3165,12645
管,0x3166,12646
怎,0x3167,12647
跟,0x3168,12648
辦,0x3169,12649
法,0x316A,12650
嗚,0x316B,12651
等,0x316C,12652
跑,0x316D,12653
快,0x316E,12654
啦,0x316F,12655
哼,0x3170,12656
三,0x3171,12657
兩,0x3172,12658
能,0x3173,12659
解,0x3174,12660
決,0x3175,12661
哇,0x3176,12662
發,0x3177,12663
棒,0x3178,12664
情,0x3179,12665
侶,0x317A,12666
優,0x317B,12667
惠,0x317C,12668
愛,0x317D,12669
免,0x317E,12670
費,0x3221,12833
入,0x3222,12834
場,0x3223,12835
們,0x3224,12836
進,0x3225,12837
去,0x3226,12838
總,0x3227,12839
算,0x3228,12840
擺,0x3229,12841
脫,0x322A,12842
走,0x322B,12843
散,0x322C,12844
住,0x322D,12845
手,0x322E,12846
救,0x322F,12847
命,0x3230,12848
交,0x3231,12849
乖,0x3232,12850
為,0x3233,12851
也,0x3234,12852
問,0x3235,12853
打,0x3236,12854
置,0x3237,12855
孩,0x3238,12856
子,0x3239,12857
資,0x323A,12858
訊,0x323B,12859
足,0x323C,12860
道,0x323D,12861
但,0x323E,12862
肯,0x323F,12863
定,0x3240,12864
招,0x3241,12865
待,0x3242,12866
牠,0x3243,12867
拜,0x3244,12868
託,0x3245,12869
如,0x3246,12870
果,0x3247,12871
哪,0x3248,12872
怕,0x3249,12873
同,0x324A,12874
話,0x324B,12875
理,0x324C,12876
何,0x324D,12877
關,0x324E,12878
存,0x324F,12879
夠,0x3250,12880
此,0x3251,12881
拼,0x3252,12882
原,0x3253,12883
教,0x3254,12884
些,0x3255,12885
危,0x3256,12886
馬,0x3257,12887
上,0x3258,12888
神,0x3259,12889
秘,0x325A,12890
遺,0x325B,12891
跡,0x325C,12892
基,0x325D,12893
地,0x325E,12894
其,0x325F,12895
他,0x3260,12896
械,0x3261,12897
實,0x3262,12898
壞,0x3263,12899
次,0x3264,12900
面,0x3265,12901
朋,0x3266,12902
友,0x3267,12903
呵,0x3268,12904
通,0x3269,12905
個,0x326A,12906
折,0x326B,12907
磨,0x326C,12908
遊,0x326D,12909
戲,0x326E,12910
戰,0x326F,12911
之,0x3270,12912
羽,0x3271,12913
旋,0x3272,12914
轉,0x3273,12915
錘,0x3274,12916
攻,0x3275,12917
擊,0x3276,12918
按,0x3277,12919
動,0x3278,12920
作,0x3279,12921
鈕,0x327A,12922
將,0x327B,12923
方,0x327C,12924
向,0x327D,12925
鍵,0x327E,12926
圈,0x3321,13089
咦,0x3322,13090
巧,0x3323,13091
歐,0x3324,13092
係,0x3325,13093
喔,0x3326,13094
剛,0x3327,13095
才,0x3328,13096
做,0x3329,13097
夢,0x332A,13098
得,0x332B,13099
趕,0x332C,13100
掉,0x332D,13101
遲,0x332E,13102
混,0x332F,13103
沌,0x3330,13104
翡,0x3331,13105
翠,0x3332,13106
需,0x3333,13107
叫,0x3334,13108
把,0x3335,13109
藍,0x3336,13110
蝟,0x3337,13111
射,0x3338,13112
成,0x3339,13113
蜂,0x333A,13114
窩,0x333B,13115
訓,0x333C,13116
練,0x333D,13117
遵,0x333E,13118
剩,0x333F,13119
給,0x3340,13120
先,0x3341,13121
開,0x3342,13122
位,0x3343,13123
幫,0x3344,13124
助,0x3345,13125
所,0x3346,13126
因,0x3347,13127
艘,0x3348,13128
船,0x3349,13129
高,0x334A,13130
直,0x334B,13131
降,0x334C,13132
間,0x334D,13133
帶,0x334E,13134
論,0x334F,13135
已,0x3350,13136
經,0x3351,13137
聽,0x3352,13138
擔,0x3353,13139
身,0x3354,13140
行,0x3355,13141
再,0x3356,13142
嚇,0x3357,13143
難,0x3358,13144
怪,0x3359,13145
死,0x335A,13146
纏,0x335B,13147
爛,0x335C,13148
吊,0x335D,13149
墜,0x335E,13150
家,0x335F,13151
抓,0x3360,13152
找,0x3361,13153
步,0x3362,13154
確,0x3363,13155
橋,0x3364,13156
起,0x3365,13157
疑,0x3366,13158
又,0x3367,13159
煩,0x3368,13160
呼,0x3369,13161
結,0x336A,13162
像,0x336B,13163
母,0x336C,13164
艦,0x336D,13165
搞,0x336E,13166
值,0x336F,13167
振,0x3370,13168
諒,0x3371,13169
飛,0x3372,13170
努,0x3373,13171
力,0x3374,13172
自,0x3375,13173
己,0x3376,13174
回,0x3377,13175
長,0x3378,13176
範,0x3379,13177
圍,0x337A,13178
廣,0x337B,13179
效,0x337C,13180
佳,0x337D,13181
嗯,0x337E,13182
青,0x3421,13345
蛙,0x3422,13346
君,0x3423,13347
尾,0x3424,13348
巴,0x3425,13349
撿,0x3426,13350
護,0x3427,13351
符,0x3428,13352
目,0x3429,13353
止,0x342A,13354
往,0x342B,13355
車,0x342C,13356
嘎,0x342D,13357
奇,0x342E,13358
味,0x342F,13359
扇,0x3430,13360
門,0x3431,13361
別,0x3432,13362
厲,0x3433,13363
相,0x3434,13364
信,0x3435,13365
七,0x3436,13366
者,0x3437,13367
乃,0x3438,13368
抑,0x3439,13369
制,0x343A,13370
統,0x343B,13371
御,0x343C,13372
它,0x343D,13373
容,0x343E,13374
易,0x343F,13375
安,0x3440,13376
全,0x3441,13377
離,0x3442,13378
意,0x3443,13379
義,0x3444,13380
緊,0x3445,13381
急,0x3446,13382
狀,0x3447,13383
除,0x3448,13384
恢,0x3449,13385
復,0x344A,13386
單,0x344B,13387
軌,0x344C,13388
電,0x344D,13389
正,0x344E,13390
常,0x344F,13391
運,0x3450,13392
卡,0x3451,13393
連,0x3452,13394
接,0x3453,13395
吞,0x3454,13396
完,0x3455,13397
整,0x3456,13398
體,0x3457,13399
功,0x3458,13400
必,0x3459,13401
須,0x345A,13402
阻,0x345B,13403
趁,0x345C,13404
謝,0x345D,13405
操,0x345E,13406
量,0x345F,13407
釣,0x3460,13408
竿,0x3461,13409
投,0x3462,13410
距,0x3463,13411
大,0x3464,13412
幅,0x3465,13413
提,0x3466,13414
升,0x3467,13415
水,0x3468,13416
漂,0x3469,13417
浮,0x346A,13418
躍,0x346B,13419
潛,0x346C,13420
游,0x346D,13421
泳,0x346E,13422
啟,0x346F,13423
創,0x3470,13424
造,0x3471,13425
科,0x3472,13426
學,0x3473,13427
製,0x3474,13428
系,0x3475,13429
列,0x3476,13430
編,0x3477,13431
號,0x3478,13432
二,0x3479,13433
代,0x347A,13434
今,0x347B,13435
後,0x347C,13436
另,0x347D,13437
準,0x347E,13438
備,0x3521,13601
輩,0x3522,13602
早,0x3523,13603
期,0x3524,13604
隨,0x3525,13605
便,0x3526,13606
辛,0x3527,13607
苦,0x3528,13608
乎,0x3529,13609
料,0x352A,13610
幹,0x352B,13611
玩,0x352C,13612
測,0x352D,13613
於,0x352E,13614
崇,0x352F,13615
設,0x3530,13616
計,0x3531,13617
思,0x3532,13618
超,0x3533,13619
萬,0x3534,13620
巨,0x3535,13621
空,0x3536,13622
鬥,0x3537,13623
塞,0x3538,13624
搭,0x3539,13625
乘,0x353A,13626
選,0x353B,13627
拔,0x353C,13628
　,0x353D,13629
型,0x353E,13630
與,0x353F,13631
勝,0x3540,13632
利,0x3541,13633
採,0x3542,13634
組,0x3543,13635
員,0x3544,13636
反,0x3545,13637
姑,0x3546,13638
且,0x3547,13639
始,0x3548,13640
根,0x3549,13641
據,0x354A,13642
許,0x354B,13643
登,0x354C,13644
多,0x354D,13645
少,0x354E,13646
特,0x354F,13647
日,0x3550,13648
晴,0x3551,13649
獲,0x3552,13650
菁,0x3553,13651
英,0x3554,13652
諸,0x3555,13653
更,0x3556,13654
召,0x3557,13655
集,0x3558,13656
或,0x3559,13657
缺,0x355A,13658
重,0x355B,13659
挖,0x355C,13660
尺,0x355D,13661
宜,0x355E,13662
立,0x355F,13663
刻,0x3560,13664
校,0x3561,13665
困,0x3562,13666
擾,0x3563,13667
靠,0x3564,13668
近,0x3565,13669
注,0x3566,13670
守,0x3567,13671
溫,0x3568,13672
柔,0x3569,13673
歌,0x356A,13674
唱,0x356B,13675
第,0x356C,13676
父,0x356D,13677
親,0x356E,13678
最,0x356F,13679
棲,0x3570,13680
息,0x3571,13681
奪,0x3572,13682
封,0x3573,13683
閉,0x3574,13684
扉,0x3575,13685
希,0x3576,13686
望,0x3577,13687
互,0x3578,13688
睛,0x3579,13689
附,0x357A,13690
況,0x357B,13691
含,0x357C,13692
嘴,0x357D,13693
唔,0x357E,13694
愧,0x3621,13857
廢,0x3622,13858
物,0x3623,13859
滾,0x3624,13860
新,0x3625,13861
任,0x3626,13862
務,0x3627,13863
簡,0x3628,13864
工,0x3629,13865
房,0x362A,13866
牢,0x362B,13867
女,0x362C,13868
藏,0x362D,13869
搶,0x362E,13870
錯,0x362F,13871
麥,0x3630,13872
配,0x3631,13873
首,0x3632,13874
武,0x3633,13875
庫,0x3634,13876
取,0x3635,13877
推,0x3636,13878
持,0x3637,13879
續,0x3638,13880
段,0x3639,13881
部,0x363A,13882
甲,0x363B,13883
板,0x363C,13884
主,0x363D,13885
控,0x363E,13886
記,0x363F,13887
夥,0x3640,13888
伴,0x3641,13889
援,0x3642,13890
搜,0x3643,13891
匹,0x3644,13892
灼,0x3645,13893
庇,0x3646,13894
認,0x3647,13895
鎖,0x3648,13896
雷,0x3649,13897
槍,0x364A,13898
爆,0x364B,13899
炸,0x364C,13900
擴,0x364D,13901
倒,0x364E,13902
敵,0x364F,13903
憶,0x3650,13904
島,0x3651,13905
嶼,0x3652,13906
名,0x3653,13907
王,0x3654,13908
寶,0x3655,13909
石,0x3656,13910
本,0x3657,13911
並,0x3658,13912
惡,0x3659,13913
座,0x365A,13914
落,0x365B,13915
碎,0x365C,13916
片,0x365D,13917
收,0x365E,13918
四,0x365F,13919
蒂,0x3660,13920
國,0x3661,13921
繁,0x3662,13922
榮,0x3663,13923
滿,0x3664,13924
東,0x3665,13925
西,0x3666,13926
誰,0x3667,13927
聖,0x3668,13928
域,0x3669,13929
權,0x366A,13930
站,0x366B,13931
光,0x366C,13932
喂,0x366D,13933
刀,0x366E,13934
破,0x366F,13935
省,0x3670,13936
尋,0x3671,13937
麻,0x3672,13938
答,0x3673,13939
笨,0x3674,13940
外,0x3675,13941
形,0x3676,13942
虛,0x3677,13943
張,0x3678,13944
聲,0x3679,13945
勢,0x367A,13946
喪,0x367B,13947
告,0x367C,13948
訴,0x367D,13949
件,0x367E,13950
求,0x3721,14113
偷,0x3722,14114
懶,0x3723,14115
令,0x3724,14116
…,0x3725,14117
顆,0x3726,14118
休,0x3727,14119
輕,0x3728,14120
鬆,0x3729,14121
性,0x372A,14122
格,0x372B,14123
益,0x372C,14124
該,0x372D,14125
騙,0x372E,14126
吵,0x372F,14127
純,0x3730,14128
４,0x3731,14129
・,0x3732,14130
僅,0x3733,14131
研,0x3734,14132
究,0x3735,14133
室,0x3736,14134
托,0x3737,14135
內,0x3738,14136
德,0x3739,14137
抱,0x373A,14138
歉,0x373B,14139
陪,0x373C,14140
鏟,0x373D,14141
爪,0x373E,14142
土,0x373F,14143
和,0x3740,14144
岩,0x3741,14145
洞,0x3742,14146
爸,0x3743,14147
談,0x3744,14148
祭,0x3745,14149
壇,0x3746,14150
應,0x3747,14151
邀,0x3748,14152
嘿,0x3749,14153
終,0x374A,14154
瘋,0x374B,14155
透,0x374C,14156
嘶,0x374D,14157
喲,0x374E,14158
晚,0x374F,14159
恩,0x3750,14160
怨,0x3751,14161
卻,0x3752,14162
撓,0x3753,14163
切,0x3754,14164
束,0x3755,14165
獨,0x3756,14166
較,0x3757,14167
旦,0x3758,14168
套,0x3759,14169
累,0x375A,14170
積,0x375B,14171
殺,0x375C,14172
技,0x375D,14173
『,0x375E,14174
極,0x375F,14175
限,0x3760,14176
炙,0x3761,14177
』,0x3762,14178
退,0x3763,14179
縮,0x3764,14180
牌,0x3765,14181
修,0x3766,14182
旅,0x3767,14183
２,0x3768,14184
稍,0x3769,14185
微,0x376A,14186
服,0x376B,14187
強,0x376C,14188
品,0x376D,14189
慾,0x376E,14190
境,0x376F,14191
停,0x3770,14192
—,0x3771,14193
精,0x3772,14194
即,0x3773,14195
藉,0x3774,14196
由,0x3775,14197
靈,0x3776,14198
而,0x3777,14199
化,0x3778,14200
志,0x3779,14201
若,0x377A,14202
份,0x377B,14203
醒,0x377C,14204
呆,0x377D,14205
價,0x377E,14206
亂,0x3821,14369
八,0x3822,14370
印,0x3823,14371
充,0x3824,14372
憤,0x3825,14373
怒,0x3826,14374
悲,0x3827,14375
毀,0x3828,14376
滅,0x3829,14377
世,0x382A,14378
界,0x382B,14379
吸,0x382C,14380
仍,0x382D,14381
縛,0x382E,14382
永,0x382F,14383
遠,0x3830,14384
拿,0x3831,14385
引,0x3832,14386
雖,0x3833,14387
甘,0x3834,14388
產,0x3835,14389
衝,0x3836,14390
級,0x3837,14391
傳,0x3838,14392
承,0x3839,14393
類,0x383A,14394
共,0x383B,14395
包,0x383C,14396
火,0x383D,14397
撤,0x383E,14398
達,0x383F,14399
弱,0x3840,14400
寄,0x3841,14401
源,0x3842,14402
祕,0x3843,14403
鐵,0x3844,14404
路,0x3845,14405
靜,0x3846,14406
陣,0x3847,14407
忙,0x3848,14408
妨,0x3849,14409
礙,0x384A,14410
否,0x384B,14411
則,0x384C,14412
綻,0x384D,14413
寫,0x384E,14414
獸,0x384F,14415
建,0x3850,14416
市,0x3851,14417
樂,0x3852,14418
園,0x3853,14419
呣,0x3854,14420
鞋,0x3855,14421
唷,0x3856,14422
朝,0x3857,14423
環,0x3858,14424
移,0x3859,14425
慘,0x385A,14426
輸,0x385B,14427
竟,0x385C,14428
碌,0x385D,14429
呃,0x385E,14430
古,0x385F,14431
陸,0x3860,14432
架,0x3861,14433
壯,0x3862,14434
觀,0x3863,14435
讚,0x3864,14436
嘆,0x3865,14437
忘,0x3866,14438
識,0x3867,14439
姿,0x3868,14440
穿,0x3869,14441
越,0x386A,14442
您,0x386B,14443
喚,0x386C,14444
色,0x386D,14445
官,0x386E,14446
似,0x386F,14447
斷,0x3870,14448
繼,0x3871,14449
齊,0x3872,14450
６,0x3873,14451
裂,0x3874,14452
稱,0x3875,14453
付,0x3876,14454
角,0x3877,14455
綽,0x3878,14456
餘,0x3879,14457
荒,0x387A,14458
唐,0x387B,14459
導,0x387C,14460
壁,0x387D,14461
畫,0x387E,14462
晶,0x3921,14625
蓄,0x3922,14626
短,0x3923,14627
順,0x3924,14628
照,0x3925,14629
題,0x3926,14630
妙,0x3927,14631
哩,0x3928,14632
懷,0x3929,14633
念,0x392A,14634
虧,0x392B,14635
改,0x392C,14636
舊,0x392D,14637
版,0x392E,14638
抗,0x392F,14639
─,0x3930,14640
沙,0x3931,14641
漠,0x3932,14642
節,0x3933,14643
奏,0x3934,14644
胸,0x3935,14645
針,0x3936,14646
奶,0x3937,14647
老,0x3938,14648
數,0x3939,14649
字,0x393A,14650
帝,0x393B,14651
臨,0x393C,14652
程,0x393D,14653
貌,0x393E,14654
巢,0x393F,14655
展,0x3940,14656
示,0x3941,14657
白,0x3942,14658
既,0x3943,14659
緣,0x3944,14660
沉,0x3945,14661
擇,0x3946,14662
彈,0x3947,14663
查,0x3948,14664
及,0x3949,14665
城,0x394A,14666
遇,0x394B,14667
碾,0x394C,14668
噴,0x394D,14669
腳,0x394E,14670
返,0x394F,14671
錄,0x3950,14672
刪,0x3951,14673
區,0x3952,14674
標,0x3953,14675
表,0x3954,14676
丁,0x3955,14677
證,0x3956,14678
閃,0x3957,14679
爍,0x3958,14680
賽,0x3959,14681
棟,0x395A,14682
樓,0x395B,14683
Ｉ,0x395C,14684
Ｄ,0x395D,14685
某,0x395E,14686
鑰,0x395F,14687
匙,0x3960,14688
冰,0x3961,14689
魚,0x3962,14690
餌,0x3963,14691
銀,0x3964,14692
歡,0x3965,14693
迎,0x3966,14694
圖,0x3967,14695
案,0x3968,14696
供,0x3969,14697
甜,0x396A,14698
蜜,0x396B,14699
維,0x396C,14700
賭,0x396D,14701
夜,0x396E,14702
口,0x396F,14703
故,0x3970,14704
障,0x3971,14705
業,0x3972,14706
暫,0x3973,14707
營,0x3974,14708
海,0x3975,14709
岸,0x3976,14710
禁,0x3977,14711
欄,0x3978,14712
專,0x3979,14713
嘰,0x397A,14714
花,0x397B,14715
梯,0x397C,14716
街,0x397D,14717
遍,0x397E,14718
她,0x3A21,14881
夕,0x3A22,14882
政,0x3A23,14883
廳,0x3A24,14884
灘,0x3A25,14885
沿,0x3A26,14886
圓,0x3A27,14887
〜,0x3A28,14888
買,0x3A29,14889
砲,0x3A2A,14890
蓋,0x3A2B,14891
鑽,0x3A2C,14892
咻,0x3A2D,14893
威,0x3A2E,14894
舷,0x3A2F,14895
槽,0x3A30,14896
排,0x3A31,14897
儲,0x3A32,14898
未,0x3A33,14899
准,0x3A34,14900
鎚,0x3A35,14901
敲,0x3A36,14902
密,0x3A37,14903
碼,0x3A38,14904
Ｅ,0x3A39,14905
Ｇ,0x3A3A,14906
Ｍ,0x3A3B,14907
Ａ,0x3A3C,14908
Ｎ,0x3A3D,14909
拉,0x3A3E,14910
挑,0x3A3F,14911
油,0x3A40,14912
送,0x3A41,14913
裝,0x3A42,14914
至,0x3A43,14915
台,0x3A44,14916
央,0x3A45,14917
＝,0x3A46,14918
１,0x3A47,14919
０,0x3A48,14920
黃,0x3A49,14921
５,0x3A4A,14922
－,0x3A4B,14923
勿,0x3A4C,14924
懸,0x3A4D,14925
礦,0x3A4E,14926
叢,0x3A4F,14927
林,0x3A50,14928
坊,0x3A51,14929
紋,0x3A52,14930
爬,0x3A53,14931
山,0x3A54,14932
頂,0x3A55,14933
衛,0x3A56,14934
猴,0x3A57,14935
深,0x3A58,14936
築,0x3A59,14937
窟,0x3A5A,14938
颳,0x3A5B,14939
狂,0x3A5C,14940
蹭,0x3A5D,14941
綠,0x3A5E,14942
瞄,0x3A5F,14943
核,0x3A60,14944
蹤,0x3A61,14945
露,0x3A62,14946
拳,0x3A63,14947
滑,0x3A64,14948
翔,0x3A65,14949
塊,0x3A66,14950
沼,0x3A67,14951
澤,0x3A68,14952
探,0x3A69,14953
凍,0x3A6A,14954
扔,0x3A6B,14955
艙,0x3A6C,14956
聚,0x3A6D,14957
側,0x3A6E,14958
駕,0x3A6F,14959
駛,0x3A70,14960
策,0x3A71,14961
劃,0x3A72,14962
平,0x3A73,14963
衡,0x3A74,14964
箭,0x3A75,14965
各,0x3A76,14966
誕,0x3A77,14967
孵,0x3A78,14968
觸,0x3A79,14969
碰,0x3A7A,14970
餵,0x3A7B,14971
食,0x3A7C,14972
搖,0x3A7D,14973
樹,0x3A7E,14974
桿,0x3B21,15137
仔,0x3B22,15138
細,0x3B23,15139
察,0x3B24,15140
殖,0x3B25,15141
周,0x3B26,15142
句,0x3B27,15143
增,0x3B28,15144
８,0x3B29,15145
舒,0x3B2A,15146
適,0x3B2B,15147
擁,0x3B2C,15148
擠,0x3B2D,15149
紅,0x3B2E,15150
［,0x3B2F,15151
競,0x3B30,15152
］,0x3B31,15153
舉,0x3B32,15154
■,0x3B33,15155
培,0x3B34,15156
養,0x3B35,15157
抵,0x3B36,15158
飾,0x3B37,15159
音,0x3B38,15160
：,0x3B39,15161
換,0x3B3A,15162
鏡,0x3B3B,15163
插,0x3B3C,15164
參,0x3B3D,15165
蘿,0x3B3E,15166
絲,0x3B3F,15167
潑,0x3B40,15168
幸,0x3B41,15169
罪,0x3B42,15170
哭,0x3B43,15171
嫌,0x3B44,15172
棄,0x3B45,15173
彆,0x3B46,15174
扭,0x3B47,15175
挺,0x3B48,15176
貫,0x3B49,15177
徹,0x3B4A,15178
半,0x3B4B,15179
途,0x3B4C,15180
調,0x3B4D,15181
貓,0x3B4E,15182
喜,0x3B4F,15183
悠,0x3B50,15184
閒,0x3B51,15185
響,0x3B52,15186
輛,0x3B53,15187
雪,0x3B54,15188
狐,0x3B55,15189
狸,0x3B56,15190
偶,0x3B57,15191
男,0x3B58,15192
依,0x3B59,15193
判,0x3B5A,15194
３,0x3B5B,15195
岳,0x3B5C,15196
莫,0x3B5D,15197
非,0x3B5E,15198
執,0x3B5F,15199
Ｓ,0x3B60,15200
誤,0x3B61,15201
異,0x3B62,15202
遂,0x3B63,15203
Ｂ,0x3B64,15204
鼴,0x3B65,15205
五,0x3B66,15206
謎,0x3B67,15207
搗,0x3B68,15208
映,0x3B69,15209
影,0x3B6A,15210
逐,0x3B6B,15211
芒,0x3B6C,15212
焰,0x3B6D,15213
公,0x3B6E,15214
清,0x3B6F,15215
楚,0x3B70,15216
族,0x3B71,15217
胞,0x3B72,15218
饒,0x3B73,15219
脈,0x3B74,15220
耍,0x3B75,15221
欠,0x3B76,15222
嘲,0x3B77,15223
笑,0x3B78,15224
覆,0x3B79,15225
慌,0x3B7A,15226
橫,0x3B7B,15227
掃,0x3B7C,15228
擋,0x3B7D,15229
留,0x3B7E,15230
象,0x3C21,15393
曾,0x3C22,15394
漫,0x3C23,15395
液,0x3C24,15396
池,0x3C25,15397
旁,0x3C26,15398
坐,0x3C27,15399
濃,0x3C28,15400
煙,0x3C29,15401
晃,0x3C2A,15402
霉,0x3C2B,15403
偏,0x3C2C,15404
惹,0x3C2D,15405
雙,0x3C2E,15406
夫,0x3C2F,15407
妳,0x3C30,15408
猛,0x3C31,15409
烈,0x3C32,15410
震,0x3C33,15411
臉,0x3C34,15412
慢,0x3C35,15413
踢,0x3C36,15414
撲,0x3C37,15415
差,0x3C38,15416
搆,0x3C39,15417
逢,0x3C3A,15418
迷,0x3C3B,15419
訪,0x3C3C,15420
描,0x3C3D,15421
繪,0x3C3E,15422
爭,0x3C3F,15423
局,0x3C40,15424
賜,0x3C41,15425
翼,0x3C42,15426
帳,0x3C43,15427
邁,0x3C44,15428
普,0x3C45,15429
勞,0x3C46,15430
載,0x3C47,15431
憧,0x3C48,15432
憬,0x3C49,15433
陷,0x3C4A,15434
阱,0x3C4B,15435
喘,0x3C4C,15436
狗,0x3C4D,15437
牆,0x3C4E,15438
７,0x3C4F,15439
襲,0x3C50,15440
畢,0x3C51,15441
漢,0x3C52,15442
堡,0x3C53,15443
店,0x3C54,15444
球,0x3C55,15445
雜,0x3C56,15446
草,0x3C57,15447
溺,0x3C58,15448
孤,0x3C59,15449
勳,0x3C5A,15450
章,0x3C5B,15451
違,0x3C5C,15452
規,0x3C5D,15453
流,0x3C5E,15454
瀑,0x3C5F,15455
布,0x3C60,15456
背,0x3C61,15457
睡,0x3C62,15458
洗,0x3C63,15459
澡,0x3C64,15460
飯,0x3C65,15461
龍,0x3C66,15462
捲,0x3C67,15463
旗,0x3C68,15464
幟,0x3C69,15465
隱,0x3C6A,15466
繞,0x3C6B,15467
木,0x3C6C,15468
黑,0x3C6D,15469
髒,0x3C6E,15470
獅,0x3C6F,15471
右,0x3C70,15472
盜,0x3C71,15473
桅,0x3C72,15474
杆,0x3C73,15475
端,0x3C74,15476
坪,0x3C75,15477
梭,0x3C76,15478
晨,0x3C77,15479
踏,0x3C78,15480
條,0x3C79,15481
獄,0x3C7A,15482
犯,0x3C7B,15483
垃,0x3C7C,15484
圾,0x3C7D,15485
飄,0x3C7E,15486
砰,0x3D21,15649
朽,0x3D22,15650
嗖,0x3D23,15651
燃,0x3D24,15652
燒,0x3D25,15653
指,0x3D26,15654
蛇,0x3D27,15655
凝,0x3D28,15656
視,0x3D29,15657
瞬,0x3D2A,15658
睜,0x3D2B,15659
廁,0x3D2C,15660
鋼,0x3D2D,15661
龐,0x3D2E,15662
暗,0x3D2F,15663
河,0x3D30,15664
施,0x3D31,15665
叉,0x3D32,15666
殲,0x3D33,15667
暴,0x3D34,15668
奔,0x3D35,15669
峽,0x3D36,15670
熔,0x3D37,15671
噬,0x3D38,15672
桶,0x3D39,15673
貨,0x3D3A,15674
櫃,0x3D3B,15675
恐,0x3D3C,15676
尚,0x3D3D,15677
鼓,0x3D3E,15678
勇,0x3D3F,15679
捷,0x3D40,15680
徑,0x3D41,15681
塘,0x3D42,15682
齡,0x3D43,15683
兵,0x3D44,15684
躲,0x3D45,15685
煞,0x3D46,15686
盡,0x3D47,15687
坦,0x3D48,15688
螺,0x3D49,15689
槳,0x3D4A,15690
垂,0x3D4B,15691
藥,0x3D4C,15692
Ｑ,0x3D4D,15693
Ｗ,0x3D4E,15694
埋,0x3D4F,15695
掘,0x3D50,15696
炮,0x3D51,15697
傾,0x3D52,15698
斜,0x3D53,15699
警,0x3D54,15700
侵,0x3D55,15701
允,0x3D56,15702
柱,0x3D57,15703
延,0x3D58,15704
伸,0x3D59,15705
膠,0x3D5A,15706
囊,0x3D5B,15707
固,0x3D5C,15708
吹,0x3D5D,15709
幾,0x3D5E,15710
劈,0x3D5F,15711
珠,0x3D60,15712
線,0x3D61,15713
虎,0x3D62,15714
左,0x3D63,15715
錨,0x3D64,15716
淋,0x3D65,15717
浴,0x3D66,15718
乾,0x3D67,15719
淨,0x3D68,15720
齒,0x3D69,15721
輪,0x3D6A,15722
訖,0x3D6B,15723
舖,0x3D6C,15724
玻,0x3D6D,15725
璃,0x3D6E,15726
栓,0x3D6F,15727
勾,0x3D70,15728
監,0x3D71,15729
疊,0x3D72,15730
廂,0x3D73,15731
購,0x3D74,15732
具,0x3D75,15733
售,0x3D76,15734
商,0x3D77,15735
陳,0x3D78,15736
稀,0x3D79,15737
顧,0x3D7A,15738
攜,0x3D7B,15739
育,0x3D7C,15740
嘗,0x3D7D,15741
吃,0x3D7E,15742
健,0x3E21,15905
康,0x3E22,15906
（,0x3E23,15907
）,0x3E24,15908
↑,0x3E25,15909
↓,0x3E26,15910
←,0x3E27,15911
→,0x3E28,15912
摸,0x3E29,15913
哄,0x3E2A,15914
欺,0x3E2B,15915
負,0x3E2C,15916
埠,0x3E2D,15917
軟,0x3E2E,15918
詳,0x3E2F,15919
閱,0x3E30,15920
眠,0x3E31,15921
耗,0x3E32,15922
幼,0x3E33,15923
兒,0x3E34,15924
檔,0x3E35,15925
項,0x3E36,15926
減,0x3E37,15927
傲,0x3E38,15928
頁,0x3E39,15929
腦,0x3E3A,15930
桌,0x3E3B,15931
紙,0x3E3C,15932
豐,0x3E3D,15933
富,0x3E3E,15934
蘑,0x3E3F,15935
菇,0x3E40,15936
紫,0x3E41,15937
橘,0x3E42,15938
粉,0x3E43,15939
灰,0x3E44,15940
棕,0x3E45,15941
亮,0x3E46,15942
雄,0x3E47,15943
聰,0x3E48,15944
美,0x3E49,15945
鍋,0x3E4A,15946
墩,0x3E4B,15947
撫,0x3E4C,15948
袋,0x3E4D,15949
毛,0x3E4E,15950
罩,0x3E4F,15951
瓜,0x3E50,15952
罐,0x3E51,15953
箱,0x3E52,15954
盆,0x3E53,15955
蘋,0x3E54,15956
嬰,0x3E55,15957
暖,0x3E56,15958
殼,0x3E57,15959
敗,0x3E58,15960
遙,0x3E59,15961
森,0x3E5A,15962
福,0x3E5B,15963
擲,0x3E5C,15964
哨,0x3E5D,15965
初,0x3E5E,15966
珍,0x3E5F,15967
綜,0x3E60,15968
合,0x3E61,15969
損,0x3E62,15970
勘,0x3E63,15971
隊,0x3E64,15972
遣,0x3E65,15973
媽,0x3E66,15974
蠢,0x3E67,15975
闊,0x3E68,15976
慨,0x3E69,15977
千,0x3E6A,15978
篷,0x3E6B,15979
職,0x3E6C,15980
躁,0x3E6D,15981
洋,0x3E6E,15982
猜,0x3E6F,15983
月,0x3E70,15984
摯,0x3E71,15985
妻,0x3E72,15986
轟,0x3E73,15987
隆,0x3E74,15988
掛,0x3E75,15989
崖,0x3E76,15990
年,0x3E77,15991
燈,0x3E78,15992
羨,0x3E79,15993
慕,0x3E7A,15994
陽,0x3E7B,15995
耀,0x3E7C,15996
麗,0x3E7D,15997
鮮,0x3E7E,15998
耶,0x3F21,16161
寂,0x3F22,16162
寞,0x3F23,16163
幻,0x3F24,16164
驚,0x3F25,16165
罕,0x3F26,16166
頓,0x3F27,16167
溜,0x3F28,16168
材,0x3F29,16169
譜,0x3F2A,16170
熊,0x3F2B,16171
借,0x3F2C,16172
獵,0x3F2D,16173
織,0x3F2E,16174
概,0x3F2F,16175
罷,0x3F30,16176
謂,0x3F31,16177
層,0x3F32,16178
崩,0x3F33,16179
塌,0x3F34,16180
欲,0x3F35,16181
訝,0x3F36,16182
豎,0x3F37,16183
耳,0x3F38,16184
聆,0x3F39,16185
廠,0x3F3A,16186
抖,0x3F3B,16187
擻,0x3F3C,16188
茂,0x3F3D,16189
毫,0x3F3E,16190
派,0x3F3F,16191
嶽,0x3F40,16192
勁,0x3F41,16193
般,0x3F42,16194
涯,0x3F43,16195
十,0x3F44,16196
鳴,0x3F45,16197
厚,0x3F46,16198
皮,0x3F47,16199
汗,0x3F48,16200
浹,0x3F49,16201
肥,0x3F4A,16202
帥,0x3F4B,16203
穴,0x3F4C,16204
質,0x3F4D,16205
傻,0x3F4E,16206
痕,0x3F4F,16207
隧,0x3F50,16208
聯,0x3F51,16209
絡,0x3F52,16210
烏,0x3F53,16211
憾,0x3F54,16212
贊,0x3F55,16213
瞪,0x3F56,16214
艇,0x3F57,16215
臂,0x3F58,16216
鎮,0x3F59,16217
銘,0x3F5A,16218
史,0x3F5B,16219
冊,0x3F5C,16220
書,0x3F5D,16221
丘,0x3F5E,16222
敢,0x3F5F,16223
匾,0x3F60,16224
文,0x3F61,16225
鼻,0x3F62,16226
隔,0x3F63,16227
耐,0x3F64,16228
考,0x3F65,16229
丟,0x3F66,16230
屋,0x3F67,16231
星,0x3F68,16232
腿,0x3F69,16233
睹,0x3F6A,16234
筒,0x3F6B,16235
沐,0x3F6C,16236
偉,0x3F6D,16237
栩,0x3F6E,16238
際,0x3F6F,16239
仰,0x3F70,16240
橙,0x3F71,16241
茁,0x3F72,16242
薄,0x3F73,16243
荷,0x3F74,16244
糖,0x3F75,16245
葡,0x3F76,16246
萄,0x3F77,16247
曲,0x3F78,16248
瑪,0x3F79,16249
亞,0x3F7A,16250
略,0x3F7B,16251
棵,0x3F7C,16252
壽,0x3F7D,16253
徽,0x3F7E,16254
客,0x4021,16417
賣,0x4022,16418
搬,0x4023,16419
摘,0x4024,16420
顏,0x4025,16421
疼,0x4026,16422
致,0x4027,16423
枯,0x4028,16424
萎,0x4029,16425
植,0x402A,16426
逝,0x402B,16427
素,0x402C,16428
Ｃ,0x402D,16429
獎,0x402E,16430
冠,0x402F,16431
訣,0x4030,16432
慎,0x4031,16433
販,0x4032,16434
稚,0x4033,16435
占,0x4034,16436
卜,0x4035,16437
館,0x4036,16438
贏,0x4037,16439
豪,0x4038,16440
擂,0x4039,16441
低,0x403A,16442
踩,0x403B,16443
讀,0x403C,16444
奉,0x403D,16445
枚,0x403E,16446
願,0x403F,16447
憑,0x4040,16448
臣,0x4041,16449
揮,0x4042,16450
捉,0x4043,16451
驅,0x4044,16452
嗷,0x4045,16453
旺,0x4046,16454
盛,0x4047,16455
防,0x4048,16456
禦,0x4049,16457
翻,0x404A,16458
誓,0x404B,16459
蹟,0x404C,16460
堅,0x404D,16461
摧,0x404E,16462
嗬,0x404F,16463
驕,0x4050,16464
盔,0x4051,16465
謹,0x4052,16466
畏,0x4053,16467
懼,0x4054,16468
驗,0x4055,16469
顫,0x4056,16470
詩,0x4057,16471
唯,0x4058,16472
批,0x4059,16473
帕,0x405A,16474
恰,0x405B,16475
掌,0x405C,16476
歸,0x405D,16477
領,0x405E,16478
袖,0x405F,16479
征,0x4060,16480
痛,0x4061,16481
牽,0x4062,16482
扯,0x4063,16483
殿,0x4064,16484
盈,0x4065,16485
舞,0x4066,16486
蹈,0x4067,16487
寵,0x4068,16488
野,0x4069,16489
諷,0x406A,16490
魄,0x406B,16491
團,0x406C,16492
支,0x406D,16493
吾,0x406E,16494
餐,0x406F,16495
尤,0x4070,16496
盯,0x4071,16497
膽,0x4072,16498
鬼,0x4073,16499
朵,0x4074,16500
繭,0x4075,16501
騷,0x4076,16502
喝,0x4077,16503
茶,0x4078,16504
刮,0x4079,16505
傍,0x407A,16506
凡,0x407B,16507
衣,0x407C,16508
惱,0x407D,16509
懂,0x407E,16510
床,0x4121,16673
貴,0x4122,16674
蕩,0x4123,16675
民,0x4124,16676
恙,0x4125,16677
滌,0x4126,16678
嘩,0x4127,16679
約,0x4128,16680
甩,0x4129,16681
膩,0x412A,16682
熟,0x412B,16683
添,0x412C,16684
攏,0x412D,16685
善,0x412E,16686
樞,0x412F,16687
紐,0x4130,16688
眾,0x4131,16689
孔,0x4132,16690
髮,0x4133,16691
肚,0x4134,16692
餓,0x4135,16693
錢,0x4136,16694
糾,0x4137,16695
班,0x4138,16696
寧,0x4139,16697
曠,0x413A,16698
巷,0x413B,16699
尖,0x413C,16700
丈,0x413D,16701
禮,0x413E,16702
府,0x413F,16703
昨,0x4140,16704
熬,0x4141,16705
薪,0x4142,16706
司,0x4143,16707
財,0x4144,16708
假,0x4145,16709
六,0x4146,16710
香,0x4147,16711
叔,0x4148,16712
胳,0x4149,16713
膊,0x414A,16714
粗,0x414B,16715
誒,0x414C,16716
僵,0x414D,16717
硬,0x414E,16718
跨,0x414F,16719
蹦,0x4150,16720
咬,0x4151,16721
鉤,0x4152,16722
疲,0x4153,16723
董,0x4154,16724
賴,0x4155,16725
矛,0x4156,16726
盾,0x4157,16727
勤,0x4158,16728
淹,0x4159,16729
臭,0x415A,16730
呱,0x415B,16731
詞,0x415C,16732
渾,0x415D,16733
冷,0x415E,16734
喵,0x415F,16735
米,0x4160,16736
娃,0x4161,16737
零,0x4162,16738
協,0x4163,16739
議,0x4164,16740
頗,0x4165,16741
嚴,0x4166,16742
慮,0x4167,16743
懦,0x4168,16744
嘻,0x4169,16745
划,0x416A,16746
夙,0x416B,16747
脅,0x416C,16748
弭,0x416D,16749
聞,0x416E,16750
喊,0x416F,16751
秒,0x4170,16752
屈,0x4171,16753
敞,0x4172,16754
鬧,0x4173,16755
愜,0x4174,16756
拒,0x4175,16757
杯,0x4176,16758
群,0x4177,16759
葛,0x4178,16760
顯,0x4179,16761
嗨,0x417A,16762
緻,0x417B,16763
闆,0x417C,16764
雞,0x417D,16765
疙,0x417E,16766
瘩,0x4221,16929
寒,0x4222,16930
歹,0x4223,16931
徒,0x4224,16932
懈,0x4225,16933
惜,0x4226,16934
募,0x4227,16935
哥,0x4228,16936
紀,0x4229,16937
熾,0x422A,16938
戀,0x422B,16939
恆,0x422C,16940
睏,0x422D,16941
欸,0x422E,16942
俯,0x422F,16943
瞰,0x4230,16944
暢,0x4231,16945
伯,0x4232,16946
璀,0x4233,16947
璨,0x4234,16948
霓,0x4235,16949
虹,0x4236,16950
氛,0x4237,16951
毒,0x4238,16952
釋,0x4239,16953
南,0x423A,16954
北,0x423B,16955
浪,0x423C,16956
怡,0x423D,16957
徵,0x423E,16958
戶,0x423F,16959
吼,0x4240,16960
慰,0x4241,16961
覽,0x4242,16962
享,0x4243,16963
洲,0x4244,16964
胎,0x4245,16965
姐,0x4246,16966
妹,0x4247,16967
銷,0x4248,16968
額,0x4249,16969
仁,0x424A,16970
歷,0x424B,16971
唄,0x424C,16972
眉,0x424D,16973
梅,0x424E,16974
竹,0x424F,16975
曬,0x4250,16976
黝,0x4251,16977
煎,0x4252,16978
謊,0x4253,16979
拯,0x4254,16980
嗡,0x4255,16981
唰,0x4256,16982
術,0x4257,16983
寐,0x4258,16984
憊,0x4259,16985
午,0x425A,16986
析,0x425B,16987
誌,0x425C,16988
爺,0x425D,16989
宏,0x425E,16990
宿,0x425F,16991
憐,0x4260,16992
豈,0x4261,16993
眺,0x4262,16994
拋,0x4263,16995
辜,0x4264,16996
竄,0x4265,16997
巍,0x4266,16998
駐,0x4267,16999
燥,0x4268,17000
夏,0x4269,17001
鐘,0x426A,17002
姊,0x426B,17003
償,0x426C,17004
惑,0x426D,17005
敬,0x426E,17006
呦,0x426F,17007
習,0x4270,17008
慣,0x4271,17009
匆,0x4272,17010
闖,0x4273,17011
租,0x4274,17012
寓,0x4275,17013
擅,0x4276,17014
季,0x4277,17015
泡,0x4278,17016
嚯,0x4279,17017
筋,0x427A,17018
村,0x427B,17019
禍,0x427C,17020
患,0x427D,17021
囉,0x427E,17022
頻,0x4321,17185
堆,0x4322,17186
颯,0x4323,17187
爽,0x4324,17188
簾,0x4325,17189
薦,0x4326,17190
羞,0x4327,17191
